Key,CountryCode,CountryName,RegionCode,RegionName,_RegionLabel,Latitude,Longitude,Population
AD,AD,Andorra,,,,42.546245,1.601554,77142
AE,AE,United Arab Emirates,,,,23.424076,53.847818,9770529
AF,AF,Afghanistan,,,,33.939110,67.709953,38041754
AG,AG,Antigua and Barbuda,,,,17.060816,-61.796428,97118
AI,AI,Anguilla,,,,18.220554,-63.068615,14869
AL,AL,Albania,,,,41.153332,20.168331,2880917
AM,AM,Armenia,,,,40.069099,45.038189,2957731
AN,AN,Netherlands Antilles,,,,12.226079,-69.060087,
AO,AO,Angola,,,,-11.202692,17.873887,31825295
AQ,AQ,Antarctica,,,,-75.250973,-0.071389,
AR,AR,Argentina,,,,-38.416097,-63.616672,44780677
AR_A,AR,Argentina,A,Salta,,-24.783,-65.417,1214441
AR_B,AR,Argentina,B,Buenos Aires Province,,-33.700,-61.000,15625084
AR_C,AR,Argentina,C,City of Buenos Aires,,-34.60333,-58.38167,2891082
AR_D,AR,Argentina,D,San Luis,,-33.300,-66.350,432310
AR_E,AR,Argentina,E,Entre Ríos,,-32.0477,-60.281,1235994
AR_F,AR,Argentina,F,La Rioja,,-29.433,-66.850,333642
AR_G,AR,Argentina,G,Santiago del Estero,,-27.783,-64.267,874006
AR_H,AR,Argentina,H,Chaco,,-27.45139,-58.98667,1055259
AR_J,AR,Argentina,J,San Juan,,-30.87,-68.98,681055
AR_K,AR,Argentina,K,Catamarca,,-28.467,-65.783,367828
AR_L,AR,Argentina,L,La Pampa,,-36.617,-64.283,543184
AR_M,AR,Argentina,M,Mendoza,,-32.89028,-68.84722,1738929
AR_N,AR,Argentina,N,Misiones,,-26.92,-54.52,1101593
AR_P,AR,Argentina,P,Formosa,,-26.18333,-58.17500,530162
AR_Q,AR,Argentina,Q,Neuquén,,-38.95167,-68.07444,551266
AR_R,AR,Argentina,R,Río Negro,,-40.800,-63.000,638645
AR_S,AR,Argentina,S,Santa Fe,,-33.7227,-62.246,3194537
AR_T,AR,Argentina,T,Tucumán,,-26.94,-65.34,1448188
AR_U,AR,Argentina,U,Chubut,,-43.300,-65.100,509108
AR_V,AR,Argentina,V,Tierra del Fuego,,-54.362,-67.638,127205
AR_W,AR,Argentina,W,Corrientes,,-28.66,-57.63,992595
AR_X,AR,Argentina,X,Córdoba,,-31.417,-64.183,3308876
AR_Y,AR,Argentina,Y,Jujuy,,-23.750,-65.500,673307
AR_Z,AR,Argentina,Z,Santa Cruz,,-48.62,-70.01,273964
AS,AS,American Samoa,,,,-14.270972,-170.132217,55312
AT,AT,Austria,,,,47.516231,14.550072,8955102
AU,AU,Australia,,,,-25.274398,133.775136,25203198
AU_ACT,AU,Australia,ACT,Australian Capital Territory,,-35.282001,149.128998,428060
AU_NSW,AU,Australia,NSW,New South Wales,,-31.840233,145.612793,8117976
AU_NT,AU,Australia,NT,Northern Territory,,-19.491411,132.550964,245869
AU_QLD,AU,Australia,QLD,Queensland,,-20.917574,142.702789,5095100
AU_SA,AU,Australia,SA,South Australia,,-30.000233,136.209152,1751693
AU_TAS,AU,Australia,TAS,Tasmania,,-41.640079,146.315918,534281
AU_VIC,AU,Australia,VIC,Victoria,,-37.020100,144.964600,6594804
AU_WA,AU,Australia,WA,Western Australia,,-25.760321,122.805176,2621680
AW,AW,Aruba,,,,12.521110,-69.968338,106314
AZ,AZ,Azerbaijan,,,,40.143105,47.576927,10047718
BA,BA,Bosnia and Herzegovina,,,,43.915886,17.679076,3301000
BB,BB,Barbados,,,,13.193887,-59.543198,287025
BD,BD,Bangladesh,,,,23.684994,90.356331,163046161
BE,BE,Belgium,,,,50.503887,4.469936,11539328
BF,BF,Burkina Faso,,,,12.238333,-1.561593,20321378
BG,BG,Bulgaria,,,,42.733883,25.485830,7000119
BH,BH,Bahrain,,,,25.930414,50.637772,1641172
BI,BI,Burundi,,,,-3.373056,29.918886,10864245
BJ,BJ,Benin,,,,9.307690,2.315834,11801151
BM,BM,Bermuda,,,,32.321384,-64.757370,62506
BN,BN,Brunei,,,,4.535277,114.727669,433285
BO,BO,Bolivia,,,,-16.290154,-63.588653,11513100
BO_B,BO,Bolivia,B,Beni,,-14,-65,421196
BO_C,BO,Bolivia,C,Cochabamba,,-17.333,-65.500,
BO_H,BO,Bolivia,H,Chuquisaca,,-20.000,-64.417,581347
BO_L,BO,Bolivia,L,La Paz,,-15.000,-68.333,2706359
BO_N,BO,Bolivia,N,Pando,,-11.183,-67.183,110436
BO_O,BO,Bolivia,O,Oruro,,-18.667,-67.667,494178
BO_P,BO,Bolivia,P,Potosí,,-20.66667,-66.66667,823517
BO_S,BO,Bolivia,S,Santa Cruz,,-18.418,-62.345,3320084
BO_T,BO,Bolivia,T,Tarija,,-21.583,-63.833,482196
BR,BR,Brazil,,,,-14.235004,-51.925280,211049527
BR_AC,BR,Brazil,AC,Acre,,-9.183333,-70.866667,881935
BR_AL,BR,Brazil,AL,Alagoas,,-9.57,-36.55,3337357
BR_AM,BR,Brazil,AM,Amazonas,,-5.0,-63.0,4144597
BR_AP,BR,Brazil,AP,Amapá,,1.0,-52.0,845731
BR_BA,BR,Brazil,BA,Bahia,,-12.0,-41.0,14873064
BR_CE,BR,Brazil,CE,Ceará,,-5.08,-39.65,9132078
BR_DF,BR,Brazil,DF,Distrito Federal,,-15.795,-47.757778,3015268
BR_ES,BR,Brazil,ES,Espirito Santo,,-20.266667,-40.283333,4018650
BR_GO,BR,Brazil,GO,Goiás,,-15.933,-50.133,7018354
BR_MA,BR,Brazil,MA,Maranhão,,-6.183,-45.617,7075181
BR_MG,BR,Brazil,MG,Minas Gerais,,-19.817,-43.950,21168791
BR_MS,BR,Brazil,MS,Mato Grosso do Sul,,-20.44278,-54.64583,2778986
BR_MT,BR,Brazil,MT,Mato Grosso,,-15.567,-56.067,3484466
BR_PA,BR,Brazil,PA,Pará,,-5.667,-52.733,8602865
BR_PB,BR,Brazil,PB,Paraíba,,-7.167,-36.833,4018127
BR_PE,BR,Brazil,PE,Pernambuco,,-8.333,-37.800,9557071
BR_PI,BR,Brazil,PI,Piauí,,-8.233,-43.100,3273227
BR_PR,BR,Brazil,PR,Paraná,,-24.000,-51.000,11433957
BR_RJ,BR,Brazil,RJ,Rio de Janeiro,,-22.900,-43.200,17264943
BR_RN,BR,Brazil,RN,Rio Grande do Norte,,-5.74,-36.55,3506853
BR_RO,BR,Brazil,RO,Rondônia,,-10.90,-62.76,1777225
BR_RR,BR,Brazil,RR,Roraima,,-2.050,-61.400,605761
BR_RS,BR,Brazil,RS,Rio Grande do Sul,-30.0,-53.0,11286500
BR_SC,BR,Brazil,SC,Santa Catarina,,-27.250,-50.333,6727000
BR_SE,BR,Brazil,SE,Sergipe,,-10.56,-37.36,2298696
BR_SP,BR,Brazil,SP,São Paulo,,-23.533,-46.633,45919049
BR_TO,BR,Brazil,TO,Tocantins,,-10.183,-48.333,1572866
BS,BS,Bahamas,,,,25.034280,-77.396280,389482
BT,BT,Bhutan,,,,27.514162,90.433601,763092
BV,BV,Bouvet Island,,,,-54.423199,3.413194,
BW,BW,Botswana,,,,-22.328474,24.684866,2303697
BY,BY,Belarus,,,,53.709807,27.953389,9452411
BZ,BZ,Belize,,,,17.189877,-88.497650,390353
CA,CA,Canada,,,,56.130366,-106.346771,37411047
CA_AB,CA,Canada,AB,Alberta,,53.9333,-116.5765,4413146
CA_BC,CA,Canada,BC,British Columbia,,49.2827,-123.1207,5110917
CA_MB,CA,Canada,MB,Manitoba,,53.7609,-98.8139,1377517
CA_NB,CA,Canada,NB,New Brunswick,,46.5653,-66.4619,779993
CA_NL,CA,Canada,NL,Newfoundland and Labrador,,53.1355,-57.6604,521365
CA_NS,CA,Canada,NS,Nova Scotia,,44.682,-63.7443,977457
CA_NT,CA,Canada,NT,Northwest Territories,,64.8255,-124.8457,44904
CA_NU,CA,Canada,NU,Nunavut,,73.0,-91.0,39097
CA_ON,CA,Canada,ON,Ontario,,51.2538,-85.3232,14711827
CA_PE,CA,Canada,PE,Prince Edward Island,,46.5107,-63.4168,158158
CA_QC,CA,Canada,QC,Quebec,,52.9399,-73.5491,8537674
CA_SK,CA,Canada,SK,Saskatchewan,,52.9399,-106.4509,1181666
CA_YT,CA,Canada,YT,Yukon,,64.2823,-135.0,41078
CC,CC,Cocos Islands,,,,-12.164165,96.870956,
CD,CD,Democratic Republic of the Congo,,,,-4.038333,21.758664,86790567
CF,CF,Central African Republic,,,,6.611111,20.939444,4745185
CG,CG,Republic of the Congo,,,,-0.228021,15.827659,5380508
CH,CH,Switzerland,,,,46.818188,8.227512,8591365
CH_AG,CH,Switzerland,AG,Aargau,,47.083,8.000,678207
CH_AI,CH,Switzerland,AI,Appenzell Innerrhoden,,47.300,9.400,16145
CH_AR,CH,Switzerland,AR,Appenzell Ausserrhoden,,47.050,9.017,55234
CH_BE,CH,Switzerland,BE,Bern,,46.833,7.617,1034977
CH_BL,CH,Switzerland,BL,Basel-Landschaft,,47.117,7.733,289527
CH_BS,CH,Switzerland,BS,Basel-Stadt,,47.567,7.600,200298
CH_FR,CH,Switzerland,FR,Fribourg,,46.717,7.083,318714
CH_GE,CH,Switzerland,GE,Geneva,,46.033,6.117,499480
CH_GL,CH,Switzerland,GL,Glarus,,46.983,9.067,40403
CH_GR,CH,Switzerland,GR,Grisons,,46.750,9.500,198379
CH_JU,CH,Switzerland,JU,Jura,,47.367,7.150,73419
CH_LU,CH,Switzerland,LU,Lucerne,,47.083,8.117,409557
CH_NE,CH,Switzerland,NE,Neuchâtel,,46.983,6.783,176850
CH_NW,CH,Switzerland,NW,Nidwalden,,46.933,8.067,43223
CH_OW,CH,Switzerland,OW,Obwalden,,46.867,8.033,37841
CH_SG,CH,Switzerland,SG,St. Gallen,,47.333,9.167,507697
CH_SH,CH,Switzerland,SH,Schaffhausen,,47.717,8.567,81991
CH_SO,CH,Switzerland,SO,Solothurn,,47.150,7.633,273194
CH_SZ,CH,Switzerland,SZ,Schwyz,,47.067,8.750,159165
CH_TG,CH,Switzerland,TG,Thurgau,,47.583,9.067,276472
CH_TI,CH,Switzerland,TI,Ticino,,46.317,8.817,353343
CH_UR,CH,Switzerland,UR,Uri,,46.783,8.617,36433
CH_VD,CH,Switzerland,VD,Vaud,,46.617,6.550,799145
CH_VS,CH,Switzerland,VS,Valais,,46.067,7.600,343955
CH_ZG,CH,Switzerland,ZG,Zug,,47.000,8.517,126837
CH_ZH,CH,Switzerland,ZH,Zürich,,47.367,8.550,1520968
CI,CI,Ivory Coast,,,,7.539989,-5.547080,25716544
CK,CK,Cook Islands,,,,-21.236736,-159.777671,17548
CL,CL,Chile,,,,-35.675147,-71.542969,18952038
CL_AI,CL,Chile,AI,Aysén,,-43.57000,-72.06611,102317
CL_AN,CL,Chile,AN,Antofagasta,,-23.64417,-70.41083,599335
CL_AP,CL,Chile,AP,Arica y Parinacota,,-18.47500,-70.31444,224548
CL_AR,CL,Chile,AR,Araucanía,,-38.900,-72.667,938626
CL_AT,CL,Chile,AT,Atacama,,-27.36667,-70.33222,300000
CL_BI,CL,Chile,BI,Biobío,,-36.833,-73.050,1557414
CL_CO,CL,Chile,CO,Coquimbo,,-29.90778,-70.25417,742178
CL_LI,CL,Chile,LI,O'Higgins,,-34.16722,-70.72694,908545
CL_LL,CL,Chile,LL,Los Lagos,,-41.47167,-72.93667,823204
CL_LR,CL,Chile,LR,Los Ríos,,-39.80833,-73.24167,380181
CL_MA,CL,Chile,MA,Magallanes,,-53.167,-70.933,165593
CL_ML,CL,Chile,ML,Maule,,-35.433,-71.667,1033197
CL_NB,CL,Chile,NB,Ñuble,,-36.61667,-71.95000,480609
CL_RM,CL,Chile,RM,Santiago Metropolitan,,-33.43778,-70.65028,7036792
CL_TA,CL,Chile,TA,Tarapacá,,-20.283,-69.333,324930
CL_VS,CL,Chile,VS,Valparaíso,,-33.06306,-71.63944,1790219
CM,CM,Cameroon,,,,7.369722,12.354722,25876380
CN,CN,China,,,,35.861660,104.195397,1433783686
CN_AH,CN,China,AH,Anhui,,31.833,117.0,62000000
CN_BJ,CN,China,BJ,Beijing,,40.182400,116.414200,24000000
CN_CQ,CN,China,CQ,Chongqing,,30.057200,107.874000,30484300
CN_FJ,CN,China,FJ,Fujian,,26.078900,117.987400,38565000
CN_GD,CN,China,GD,Guangdong,,23.4,113.5,113460000
CN_GS,CN,China,GS,Gansu,,38,102,25575254
CN_GX,CN,China,GX,Guangxi,,23.6,108.3,48380000
CN_GZ,CN,China,GZ,Guizhou,,26.833,106.833,34746468
CN_HA,CN,China,HA,Henan,,33.9,113.5,95590000
CN_HB,CN,China,HB,Hubei,,31.2,112.3,58500000
CN_HE,CN,China,HE,Hebei,,39.3,116.7,74700500
CN_HI,CN,China,HI,Hainan,,19.2,109.7,9257600
CN_HK,CN,China,HK,Hong Kong,,22.3,114.2,7392000
CN_HL,CN,China,HL,Heilongjiang,,48,129,38312224
CN_HN,CN,China,HN,Hunan,,28.11265,112.98338,67370000
CN_JL,CN,China,JL,Jilin,,43.7,126.2,27462297
CN_JS,CN,China,JS,Jiangsu,,32.9,119.8,80400000
CN_JX,CN,China,JX,Jiangxi,,27.3,116.0,45200000
CN_LN,CN,China,LN,Liaoning,,41.1,122.3,43900000
CN_MO,CN,China,MO,Macau,,22.167,113.550,622567
CN_NM,CN,China,NM,Inner Mongolia,,44,113,24706321
CN_NX,CN,China,NX,Ningxia,,36.6,105.32,6301350
CN_QH,CN,China,QH,Qinghai,,35,96,5626722
CN_SC,CN,China,SC,Sichuan,,30.133,102.933,81100000
CN_SD,CN,China,SD,Shandong,,36.4,118.4,100472400
CN_SH,CN,China,SH,Shanghai,,31.22861,121.47472,24281400
CN_SN,CN,China,SN,Shaanxi,,35.6,108.4,37327378
CN_SX,CN,China,SX,Shanxi,,37.7,112.4,36500000
CN_TJ,CN,China,TJ,Tianjin,,39.133,117.183,15621200
CN_TW,CN,China,TW,Taiwan,,23.7,121.0,23580000
CN_XJ,CN,China,XJ,Xinjiang,,41,85,21815815
CN_XZ,CN,China,XZ,Tibet,,33.0,88.0,3180000
CN_YN,CN,China,YN,Yunnan,,25.050,101.867,45966239
CN_ZJ,CN,China,ZJ,Zhejiang,,29.2,120.5,57370000
CO,CO,Colombia,,,,4.570868,-74.297333,50339443
CO_AMA,CO,Colombia,AMA,Amazonas,,4.200,-69.917,74541
CO_ANT,CO,Colombia,ANT,Antioquia,,6.217,-75.567,6299886
CO_ARA,CO,Colombia,ARA,Arauca,,7.083,-70.750,256527
CO_ATL,CO,Colombia,ATL,Atlántico,,10.983,-74.783,2535517
CO_BOL,CO,Colombia,BOL,Bolívar,,10.400,-75.500,2049083
CO_BOY,CO,Colombia,BOY,Boyacá,,5.533,-73.367,1278061
CO_CAL,CO,Colombia,CAL,Caldas,,5.100,-75.550,984128
CO_CAQ,CO,Colombia,CAQ,Caquetá,,1.617,-75.600,465477
CO_CAS,CO,Colombia,CAS,Casanare,,5.35000,-72.41000,344027
CO_CAU,CO,Colombia,CAU,Cauca,Valle del Cauca,2.450,-76.617,1354744
CO_CES,CO,Colombia,CES,Cesar,,10.483,-73.250,1200574
CO_CHO,CO,Colombia,CHO,Chocó,,5.700,-76.667,534826
CO_COR,CO,Colombia,COR,Córdoba,,8.750,-75.883,1784783
CO_CUN,CO,Colombia,CUN,Cundinamarca,,4.600,-74.083,2919060
CO_DC,CO,Colombia,DC,Bogotá,,4.71111,-74.07222,
CO_GUA,CO,Colombia,GUA,Guainía,,3.86528,-67.92389,40203
CO_GUV,CO,Colombia,GUV,Guaviare,,2.567,-72.633,107934
CO_HUI,CO,Colombia,HUI,Huila,,2.99861,-75.30444,1126314
CO_LAG,CO,Colombia,LAG,La Guajira,,11.550,-72.900,880560
CO_MAG,CO,Colombia,MAG,Magdalena,,11.24194,-74.20528,1235425
CO_MET,CO,Colombia,MET,Meta,,4.150,-73.633,1039722
CO_NAR,CO,Colombia,NAR,Nariño,,1.167,-77.267,1701840
CO_NSA,CO,Colombia,NSA,Norte de Santander,,7.900,-72.500,1491689
CO_PUT,CO,Colombia,PUT,Putumayo,,1.150,-76.617,337054
CO_QUI,CO,Colombia,QUI,Quindío,,4.533,-75.700,558934
CO_RIS,CO,Colombia,RIS,Risaralda,,4.817,-75.700,941283
CO_SAN,CO,Colombia,SAN,Santander,,7.133,-73.000,2061095
CO_SAP,CO,Colombia,SAP,San Andrés,,12.550,-81.717,75167
CO_SUC,CO,Colombia,SUC,Sucre,,9.300,-75.400,904863
CO_TOL,CO,Colombia,TOL,Tolima,,4.433,-75.233,1400203
CO_VAC,CO,Colombia,VAC,Valle del Cauca,,3.417,-76.517,4560196
CO_VAU,CO,Colombia,VAU,Vaupés,,1.200,-70.167,42817
CO_VID,CO,Colombia,VID,Vichada,,6.183,-67.467,68575
CR,CR,Costa Rica,,,,9.748917,-83.753428,5047561
CU,CU,Cuba,,,,21.521757,-77.781167,11333483
CV,CV,Cape Verde,,,,16.002082,-24.013197,549935
CX,CX,Christmas Island,,,,-10.447525,105.690449,
CY,CY,Cyprus,,,,35.126413,33.429859,1179551
CZ,CZ,Czech Republic,,,,49.817492,15.472962,10689209
DE,DE,Germany,,,,51.165691,10.451526,83517045
DE_BB,DE,Germany,BB,Brandenburg,,52.361944,13.008056,2504040
DE_BE,DE,Germany,BE,Berlin,,52.520000,13.405000,6144600
DE_BW,DE,Germany,BW,Baden-Württemberg,,48.537778,9.041111,11023424
DE_BY,DE,Germany,BY,Bavaria,,48.777500,11.431111,13076721
DE_HB,DE,Germany,HB,Bremen,,53.075833,8.807500,681032
DE_HE,DE,Germany,HE,Hesse,,50.666111,8.591111,6243262
DE_HH,DE,Germany,HH,Hamburg,,53.565278,10.001389,5107429
DE_MV,DE,Germany,MV,Mecklenburg-Vorpommern,,53.616667,12.700000,1609675
DE_NI,DE,Germany,NI,Lower Saxony,,52.756111,9.393056,7962775
DE_NW,DE,Germany,NW,North Rhine-Westphalia,,51.466667,7.550000,17912134
DE_RP,DE,Germany,RP,Rhineland-Palatinate,,49.913056,7.450000,4084844
DE_SH,DE,Germany,SH,Schleswig-Holstein,,54.470000,9.513889,2889821
DE_SL,DE,Germany,SL,Saarland,,49.383056,6.833056,990509
DE_SN,DE,Germany,SN,Saxony,,51.026944,13.358889,4077937
DE_ST,DE,Germany,ST,Saxony-Anhalt,,51.971111,11.470000,2208321
DE_TH,DE,Germany,TH,Thuringia,,50.861111,11.051944,2136752
DJ,DJ,Djibouti,,,,11.825138,42.590275,973560
DK,DK,Denmark,,,,56.263920,9.501785,5771876
DM,DM,Dominica,,,,15.414999,-61.370976,71808
DO,DO,Dominican Republic,,,,18.735693,-70.162651,10738958
DZ,DZ,Algeria,,,,28.033886,1.659626,43053054
EC,EC,Ecuador,,,,-1.831239,-78.183406,17373662
EE,EE,Estonia,,,,58.595272,25.013607,1325648
EG,EG,Egypt,,,,26.820553,30.802498,100388073
EH,EH,Western Sahara,,,,24.215527,-12.885834,582463
ER,ER,Eritrea,,,,15.179384,39.782334,3497117
ES,ES,Spain,,,,40.463667,-3.749220,46736776
ES_AN,ES,Spain,AN,Andalucía,,37.382800,-5.973100,8388107
ES_AR,ES,Spain,AR,Aragón,,41.656000,-0.877300,1308563
ES_AS,ES,Spain,AS,Asturias,,43.360200,-5.844700,1022800
ES_CB,ES,Spain,CB,Cantabria,,43.464700,-3.804400,580229
ES_CE,ES,Spain,CE,Ceuta,,35.889300,-5.319800,85144
ES_CL,ES,Spain,CL,Castilla y León,,41.652300,-4.724500,2447519
ES_CM,ES,Spain,CM,Castilla-La Mancha,,39.862800,-4.027300,2041631
ES_CN,ES,Spain,CN,Islas Canarias,Canarias,28.468200,-16.254600,2153389
ES_CT,ES,Spain,CT,Cataluña,,41.388700,2.159000,7522596
ES_EX,ES,Spain,EX,Extremadura,,38.916100,-6.343600,1087778
ES_GA,ES,Spain,GA,Galicia,,42.232800,-8.722600,2701743
ES_IB,ES,Spain,IB,Islas Baleares,Baleares,39.569300,2.650200,1107220
ES_MC,ES,Spain,MC,Murcia,,37.987041,-1.130040,1478509
ES_MD,ES,Spain,MD,Madrid,,40.416500,-3.702560,6661949
ES_ML,ES,Spain,ML,Melilla,,35.293700,-2.938300,86384
ES_NC,ES,Spain,NC,Navarra,,42.816900,-1.643200,647554
ES_PV,ES,Spain,PV,País Vasco,,43.262700,-2.925300,2189534
ES_RI,ES,Spain,RI,La Rioja,,42.466700,-2.450000,315675
ES_VC,ES,Spain,VC,Comunidad Valenciana,C. Valenciana,39.469700,-0.377400,5003769
ET,ET,Ethiopia,,,,9.145000,40.489673,112078730
FI,FI,Finland,,,,61.924110,25.748151,5532156
FJ,FJ,Fiji,,,,-16.578193,179.414413,889953
FK,FK,Falkland Islands,,,,-51.796253,-59.523613,3377
FM,FM,Micronesia,,,,7.425554,150.550812,
FO,FO,Faroe Islands,,,,61.892635,-6.911806,48678
FR,FR,France,,,,46.227638,2.213749,65129728
FR_ARA,FR,France,ARA,Auvergne-Rhône-Alpes,,45.447100,4.385300,
FR_BFC,FR,France,BFC,Bourgogne-Franche-Comté,,47.280500,4.999400,
FR_BRE,FR,France,BRE,Brittany,Bretagne,48.202000,-2.932600,
FR_COR,FR,France,COR,Corsica,Corse,42.039600,9.012900,
FR_CVL,FR,France,CVL,Centre-Val de Loire,,47.751600,1.675100,
FR_GES,FR,France,GES,Grand Est,,48.699800,6.187800,
FR_GF,FR,France,GF,French Guiana,Guyane,3.933900,-53.125800,
FR_GUA,FR,France,GUA,Guadeloupe,,16.265000,-61.551000,
FR_HDF,FR,France,HDF,Hauts-de-France,,50.480100,2.793700,
FR_IDF,FR,France,IDF,Île-de-France,,48.849900,2.637000,
FR_LRE,FR,France,LRE,La Réunion,,-21.115100,55.536400,
FR_MAY,FR,France,MAY,Mayotte,,-12.827500,45.166200,
FR_MQ,FR,France,MQ,Martinique,,14.641500,-61.024200,
FR_NAQ,FR,France,NAQ,Nouvelle-Aquitaine,,45.708700,0.626900,
FR_NOR,FR,France,NOR,Normandy,Normandie,48.879900,0.171300,
FR_OCC,FR,France,OCC,Occitanie,,43.892700,3.282800,
FR_PAC,FR,France,PAC,Provence-Alpes-Côte d'Azur,,43.935200,6.067900,
FR_PDL,FR,France,PDL,Pays de la Loire,,47.763300,-0.330000,
GA,GA,Gabon,,,,-0.803689,11.609444,2172579
GB,GB,United Kingdom,,,,55.378051,-3.435973,67530172
GB_ENG,GB,United Kingdom,ENG,England,,51.500,-0.117,55977178
GB_NIR,GB,United Kingdom,NIR,Northern Ireland,,54.600,-5.917,1885400
GB_SCT,GB,United Kingdom,SCT,Scotland,,55.95306,-3.18889,5424800
GB_WLS,GB,United Kingdom,WLS,Wales,Wales,51.483,-3.183,3139000
GD,GD,Grenada,,,,12.262776,-61.604171,112003
GE,GE,Georgia,,,,42.315407,43.356892,3996765
GF,GF,French Guiana,,,,3.933889,-53.125782,282731
GG,GG,Guernsey,,,,49.465691,-2.585278,172259
GH,GH,Ghana,,,,7.946527,-1.023194,28833629
GI,GI,Gibraltar,,,,36.137741,-5.345374,33701
GL,GL,Greenland,,,,71.706936,-42.604303,56672
GM,GM,Gambia,,,,13.443182,-15.310139,2347706
GN,GN,Guinea,,,,9.945587,-9.696645,12771246
GP,GP,Guadeloupe,,,,16.995971,-62.067641,447905
GQ,GQ,Equatorial Guinea,,,,1.650801,10.267895,1355986
GR,GR,Greece,,,,39.074208,21.824312,10473455
GS,GS,South Georgia and the South Sandwich Islands,,,,-54.429579,-36.587909,
GT,GT,Guatemala,,,,15.783471,-90.230759,17581472
GU,GU,Guam,,,,13.444304,144.793731,167294
GW,GW,Guinea-Bissau,,,,11.803749,-15.180413,1920922
GY,GY,Guyana,,,,4.860416,-58.930180,782766
GZ,GZ,Gaza Strip,,,,31.354676,34.308825,
HK,HK,Hong Kong,,,,22.396428,114.109497,7436154
HM,HM,Heard Island and McDonald Islands,,,,-53.081810,73.504158,
HN,HN,Honduras,,,,15.199999,-86.241905,9746117
HR,HR,Croatia,,,,45.100000,15.200000,4130304
HT,HT,Haiti,,,,18.971187,-72.285215,11263770
HU,HU,Hungary,,,,47.162494,19.503304,9684679
ID,ID,Indonesia,,,,-0.789275,113.921327,270625568
ID_JW,ID,Indonesia,JW,Java,,-7.49167,110.00444,145000000
ID_KA,ID,Indonesia,KA,Kalimantan,,1.0,114.0,15894524
ID_ML,ID,Indonesia,ML,Maluku Islands,Maluku,-3.15,129.383,2844131
ID_NU,ID,Indonesia,NU,Lesser Sunda Islands,Lesser Sunda,-9.0,120.0,14686127
ID_PP,ID,Indonesia,PP,Western New Guinea,W.N. Guinea,-4.0,136.0,4363869
ID_SL,ID,Indonesia,SL,Sulawesi,,-2.0,121.0,19573800
ID_SM,ID,Indonesia,SM,Sumatra,,0.0,102.0,58455800
IE,IE,Ireland,,,,53.412910,-8.243890,4882495
IL,IL,Israel,,,,31.046051,34.851612,8519377
IM,IM,Isle of Man,,,,54.236107,-4.548056,84584
IN,IN,India,,,,20.593684,78.962880,1366417754
IN_AN,IN,India,AN,Andaman and Nicobar Islands,,11.68,92.77,380520
IN_AP,IN,India,AP,Andhra Pradesh,,16.50,80.64,49386799
IN_AR,IN,India,AR,Arunachal Pradesh,,27.06,93.37,1382611
IN_AS,IN,India,AS,Assam,,26.14,91.77,31169272
IN_BR,IN,India,BR,Bihar,,25.4,85.1,104099452
IN_CH,IN,India,CH,Chandigarh,,30.75,76.78,1055450
IN_CT,IN,India,CT,Chhattisgarh,,21.25,81.60,25545198
IN_DD,IN,India,DD,Daman and Diu,,20.42,72.85,242911
IN_DL,IN,India,DL,Delhi,,28.61000,77.23000,26454000
IN_DN,IN,India,DN,Dadra and Nagar Haveli,,20.27,73.02,342853
IN_GA,IN,India,GA,Goa,,15.50,73.83,1458545
IN_GJ,IN,India,GJ,Gujarat,,23.217,72.683,60439692
IN_HP,IN,India,HP,Himachal Pradesh,,31.10333,77.17222,6864602
IN_HR,IN,India,HR,Haryana,,30.73,76.78,25353081
IN_JH,IN,India,JH,Jharkhand,,23.35,85.33,32988134
IN_JK,IN,India,JK,Jammu and Kashmir,,32.73,74.87,12258433
IN_KA,IN,India,KA,Karnataka,,12.97,77.50,61130704
IN_KL,IN,India,KL,Kerala,,8.5,77,33387677
IN_LA,IN,India,LA,Ladakh,,34.17,77.58,274289
IN_LD,IN,India,LD,Lakshadweep,,10.6,72.6,70365
IN_MH,IN,India,MH,Maharashtra,,18.97,72.820,112374333
IN_ML,IN,India,ML,Meghalaya,,25.57,91.88,2964007
IN_MN,IN,India,MN,Manipur,,2855794,2855794
IN_MP,IN,India,MP,Madhya Pradesh,,23.25,77.417,
IN_MZ,IN,India,MZ,Mizoram,,23.36,92.8,1091014
IN_NL,IN,India,NL,Nagaland,,25.67,94.12,1980602
IN_OR,IN,India,OR,Odisha,,20.27,85.82,45989232
IN_PB,IN,India,PB,Punjab,,30.79,75.84,27743338
IN_PY,IN,India,PY,Puducherry,,11.911082,79.812533,1394467
IN_RJ,IN,India,RJ,Rajasthan,,26.6,73.8,68548437
IN_SK,IN,India,SK,Sikkim,,27.33,88.62,610577
IN_TG,IN,India,TG,Telangana,,17.366,78.475,35193978
IN_TN,IN,India,TN,Tamil Nadu,,13.09,80.27,72147030
IN_TR,IN,India,TR,Tripura,,23.84,91.28,3671032
IN_UP,IN,India,UP,Uttar Pradesh,,26.85,80.91,199812341
IN_UT,IN,India,UT,Uttarakhand,,30.33,78.06,10086292
IN_WB,IN,India,WB,West Bengal,,22.567,88.367,91347736
IO,IO,British Indian Ocean Territory,,,,-6.343194,71.876519,
IQ,IQ,Iraq,,,,33.223191,43.679291,39309783
IR,IR,Iran,,,,32.427908,53.688046,82913906
IS,IS,Iceland,,,,64.963051,-19.020835,339031
IT,IT,Italy,,,,41.871940,12.567380,60550075
IT_21,IT,Italy,21,Piemont,Piemonte,45.073274,7.680687,4377941
IT_23,IT,Italy,23,Aosta Valley,Valle d'Aosta,45.737503,7.320149,126933
IT_25,IT,Italy,25,Lombardy,Lombardia,45.466794,9.190347,10078012
IT_34,IT,Italy,34,Veneto,,45.434905,12.338452,4865380
IT_36,IT,Italy,36,Friuli Venezia Giulia,,45.649435,13.768136,1216524
IT_42,IT,Italy,42,Liguria,,44.411493,8.932699,1557533
IT_45,IT,Italy,45,Emilia-Romagna,,44.494367,11.341721,4446220
IT_52,IT,Italy,52,Tuscany,Toscana,43.769231,11.255889,3742437
IT_55,IT,Italy,55,Umbria,,43.106758,12.388247,889001
IT_57,IT,Italy,57,Marche,,43.616760,13.518875,1541692
IT_62,IT,Italy,62,Lazio,,41.892770,12.483667,5897635
IT_65,IT,Italy,65,Abruzzo,,42.351222,13.398438,1307919
IT_67,IT,Italy,67,Molise,,41.557748,14.659161,308493
IT_72,IT,Italy,72,Campania,,40.839566,14.250850,5869029
IT_75,IT,Italy,75,Apulia,Puglia,41.125596,16.867367,4063888
IT_77,IT,Italy,77,Basilicata,,40.639471,15.805148,575902
IT_78,IT,Italy,78,Calabria,,38.905976,16.594402,1980533
IT_82,IT,Italy,82,Sicily,Sicilia,38.115697,13.362357,5029615
IT_88,IT,Italy,88,Sardinia,Sardegna,39.215312,9.110616,1651793
IT_BZ,IT,Italy,BZ,South Tyrol,P.A. Bolzano,46.499335,11.356624,530009
IT_TN,IT,Italy,TN,Trentino-Alto Adige,P.A. Trento,46.068935,11.121231,1070340
JE,JE,Jersey,,,,49.214439,-2.131250,172259
JM,JM,Jamaica,,,,18.109581,-77.297508,2948279
JO,JO,Jordan,,,,30.585164,36.238414,10101694
JP,JP,Japan,,,,36.204824,138.252924,126860301
JP_01,JP,Japan,01,Hokkaido,北海道,43,142,5281297
JP_02,JP,Japan,02,Aomori,青森,40.824667,140.740639,1249314
JP_03,JP,Japan,03,Iwate,岩手,39.70361,141.15250,1229432
JP_04,JP,Japan,04,Miyagi,宮城,38.350,140.967,2305596
JP_05,JP,Japan,05,Akita,秋田,39.71861,140.10250,969462
JP_06,JP,Japan,06,Yamagata,山形,38.433,140.133,1079950
JP_07,JP,Japan,07,Fukushima,福島,37.400,140.467,1848257
JP_08,JP,Japan,08,Ibaraki,茨城,36.233,140.283,2871199
JP_09,JP,Japan,09,Tochigi,栃木,36.517,139.817,1943886
JP_10,JP,Japan,10,Gunma,群馬,36.367,139.117,1937626
JP_11,JP,Japan,11,Saitama,埼玉,35.950,139.550,7338536
JP_12,JP,Japan,12,Chiba,千葉,35.60500,140.12333,6278060
JP_13,JP,Japan,13,Tokyo,東京都,35.68972,139.69222,
JP_14,JP,Japan,14,Kanagawa,神奈川,35.4475083,139.6423444,9058094
JP_15,JP,Japan,15,Niigata,新潟,37.617,138.867,2227496
JP_16,JP,Japan,16,Toyama,富山,36.717,137.150,1044588
JP_17,JP,Japan,17,Ishikawa,石川,36.633,136.650,1140573
JP_18,JP,Japan,18,Fukui,福井,35.983,136.183,778943
JP_19,JP,Japan,19,Yamanashi,山梨,35.617,138.617,817192
JP_20,JP,Japan,20,Nagano,長野,36.250,138.100,2052493
JP_21,JP,Japan,21,Gifu,岐阜,35.483,136.900,1991390
JP_22,JP,Japan,22,Shizuoka,静岡,34.917,138.317,3637998
JP_23,JP,Japan,23,Aichi,愛知,35.1801889,136.9135083,7552873
JP_24,JP,Japan,24,Mie,三重,34.700,136.500,1781948
JP_25,JP,Japan,25,Shiga,滋賀,35.117,136.067,1412916
JP_26,JP,Japan,26,Kyoto,京都府,35.02167,135.755611,2610353
JP_27,JP,Japan,27,Osaka,大阪府,34.68639,135.52000,8823358
JP_28,JP,Japan,28,Hyōgo,兵庫,34.6908167,135.1830778,5469762
JP_29,JP,Japan,29,Nara,奈良,34.567,135.767,1348930
JP_30,JP,Japan,30,Wakayama,和歌山,34.050,135.350,944320
JP_31,JP,Japan,31,Tottori,鳥取,35.450,133.767,570569
JP_32,JP,Japan,32,Shimane,島根,35.217,132.667,689963
JP_33,JP,Japan,33,Okayama,岡山,34.700,133.850,1906464
JP_34,JP,Japan,34,Hiroshima,広島,34.433,132.750,2811410
JP_35,JP,Japan,35,Yamaguchi,山口,34.067,131.500,1377631
JP_36,JP,Japan,36,Tokushima,徳島,34.033,134.433,728633
JP_37,JP,Japan,37,Kagawa,香川,34.267,133.950,957430
JP_38,JP,Japan,38,Ehime,愛媛,33.833,132.833,1342011
JP_39,JP,Japan,39,Kōchi,高知,33.433,133.433,757914
JP_40,JP,Japan,40,Fukuoka,福岡,33.600,130.583,5109323
JP_41,JP,Japan,41,Saga,佐賀,33.600,129.850,813590
JP_42,JP,Japan,42,Nagasaki,長崎,32.967,129.800,1328478
JP_43,JP,Japan,43,Kumamoto,熊本,32.717,130.667,1748134
JP_44,JP,Japan,44,Ōita,大分,33.2381861,131.6126056,1136245
JP_45,JP,Japan,45,Miyazaki,宮崎,32.017,131.350,1073054
JP_46,JP,Japan,46,Kagoshima,鹿児島,31.400,130.517,1599779
JP_47,JP,Japan,47,Okinawa,沖縄,26.500,128.000,1457162
KE,KE,Kenya,,,,-0.023559,37.906193,52573973
KG,KG,Kyrgyzstan,,,,41.204380,74.766098,6415850
KH,KH,Cambodia,,,,12.565679,104.990963,16486542
KI,KI,Kiribati,,,,-3.370417,-168.734039,117606
KM,KM,Comoros,,,,-11.875001,43.872219,850886
KN,KN,Saint Kitts and Nevis,,,,17.357822,-62.782998,52823
KP,KP,North Korea,,,,40.339852,127.510093,25666161
KR,KR,South Korea,,,,35.907757,127.766922,51225308
KW,KW,Kuwait,,,,29.311660,47.481766,4207083
KY,KY,Cayman Islands,,,,19.513469,-80.566956,64948
KZ,KZ,Kazakhstan,,,,48.019573,66.923684,18551427
LA,LA,Laos,,,,19.856270,102.495496,7169455
LB,LB,Lebanon,,,,33.854721,35.862285,6855713
LC,LC,Saint Lucia,,,,13.909444,-60.978893,182790
LI,LI,Liechtenstein,,,,47.166000,9.555373,38019
LK,LK,Sri Lanka,,,,7.873054,80.771797,21323733
LR,LR,Liberia,,,,6.428055,-9.429499,4937374
LS,LS,Lesotho,,,,-29.609988,28.233608,2125268
LT,LT,Lithuania,,,,55.169438,23.881275,2759627
LU,LU,Luxembourg,,,,49.815273,6.129583,615729
LV,LV,Latvia,,,,56.879635,24.603189,1906743
LY,LY,Libya,,,,26.335100,17.228331,6777452
MA,MA,Morocco,,,,31.791702,-7.092620,36471769
MC,MC,Monaco,,,,43.750298,7.412841,38964
MD,MD,Moldova,,,,47.411631,28.369885,4043263
ME,ME,Montenegro,,,,42.708678,19.374390,627987
MG,MG,Madagascar,,,,-18.766947,46.869107,26969307
MH,MH,Marshall Islands,,,,7.131474,171.184478,58791
MK,MK,Macedonia,,,,41.608635,21.745275,2083459
ML,ML,Mali,,,,17.570692,-3.996166,19658031
MM,MM,Myanmar,,,,21.913965,95.956223,54045420
MN,MN,Mongolia,,,,46.862496,103.846656,3225167
MO,MO,Macau,,,,22.198745,113.543873,640445
MP,MP,Northern Mariana Islands,,,,17.330830,145.384690,56188
MQ,MQ,Martinique,,,,14.641528,-61.024174,375554
MR,MR,Mauritania,,,,21.007890,-10.940835,4525696
MS,MS,Montserrat,,,,16.742498,-62.187366,4989
MT,MT,Malta,,,,35.937496,14.375416,440372
MU,MU,Mauritius,,,,-20.348404,57.552152,1198575
MV,MV,Maldives,,,,3.202778,73.220680,530953
MW,MW,Malawi,,,,-13.254308,34.301525,18628747
MX,MX,Mexico,,,,23.634501,-102.552784,127575529
MX_AGU,MX,Mexico,AGU,Aguascalientes,,22.017,-102.350,1312544
MX_BCN,MX,Mexico,BCN,Baja California,,30.000,-115.167,3315766
MX_BCS,MX,Mexico,BCS,Baja California Sur,,25.850,-111.967,763929
MX_CAM,MX,Mexico,CAM,Campeche,,18.833,-90.400,899931
MX_CHH,MX,Mexico,CHH,Chihuahua,,28.817,-106.433,3556574
MX_CHP,MX,Mexico,CHP,Chiapas,,16.417,-92.417,5217908
MX_CMX,MX,Mexico,CMX,Mexico City,,19.433,-99.133,
MX_COA,MX,Mexico,COA,Coahuila,,27.300,-102.050,2954915
MX_COL,MX,Mexico,COL,Colima,,19.167,-103.883,711235
MX_DUR,MX,Mexico,DUR,Durango,,24.933,-104.917,1754754
MX_GRO,MX,Mexico,GRO,Guerrero,,17.617,-99.950,3533251
MX_GUA,MX,Mexico,GUA,Guanajuato,,21.017,-101.267,5853677
MX_HID,MX,Mexico,HID,Hidalgo,,20.483,-98.867,2858359
MX_JAL,MX,Mexico,JAL,Jalisco,,20.567,-103.683,8256100
MX_MEX,MX,Mexico,MEX,State of Mexico,,19.350,-99.633,16187608
MX_MIC,MX,Mexico,MIC,Michoacán,,19.167,-101.900,4584471
MX_MOR,MX,Mexico,MOR,Morelos,,18.750,-99.067,1903811
MX_NAY,MX,Mexico,NAY,Nayarit,,21.750,-105.233,1181050
MX_NLE,MX,Mexico,NLE,Nuevo León,,25.567,-99.967,5119504
MX_OAX,MX,Mexico,OAX,Oaxaca,,16.900,-96.417,3967889
MX_PUE,MX,Mexico,PUE,Puebla,,19.000,-97.883,6168883
MX_QUE,MX,Mexico,QUE,Querétaro,,20.583,-100.383,2038372
MX_ROO,MX,Mexico,ROO,Quintana Roo,,19.6,-87.92,1501562
MX_SIN,MX,Mexico,SIN,Sinaloa,,25.000,-107.500,3216000
MX_SLP,MX,Mexico,SLP,San Luis Potosí,,22.600,-100.433,2717820
MX_SON,MX,Mexico,SON,Sonora,,29.64611,-110.86889,2850330
MX_TAB,MX,Mexico,TAB,Tabasco,,17.967,-92.583,2395272
MX_TAM,MX,Mexico,TAM,Tamaulipas,,24.283,-98.567,3441698
MX_TLA,MX,Mexico,TLA,Tlaxcala,,19.433,-98.167,1272847
MX_VER,MX,Mexico,VER,Veracruz,,19.433,-96.383,8112505
MX_YUC,MX,Mexico,YUC,Yucatán,,20.833,-89.000,2097175
MX_ZAC,MX,Mexico,ZAC,Zacatecas,,23.300,-102.700,1579209
MY,MY,Malaysia,,,,4.210484,101.975766,31949777
MY_01,MY,Malaysia,01,Johor,JH,1.99083,103.48278,3700000
MY_02,MY,Malaysia,02,Kedah,KD,6.12833,100.36278,2071900
MY_03,MY,Malaysia,03,Kelantan,KE,5.250,102.000,2001000
MY_04,MY,Malaysia,04,Malacca,ML,2.200,102.250,872900
MY_05,MY,Malaysia,05,Negeri Sembilan,NS,2.750,102.250,1098500
MY_06,MY,Malaysia,06,Pahang,PH,3.750,102.500,1623200
MY_07,MY,Malaysia,07,Penang,PG,5.414500,100.3292000,1766800
MY_08,MY,Malaysia,08,Perak,PK,4.750,101.000,2500000
MY_09,MY,Malaysia,09,Perlis,PR,6.500,100.250,254400
MY_10,MY,Malaysia,10,Selangor,SE,3.333,101.500,6448400
MY_11,MY,Malaysia,11,Terengganu,TR,4.750,103.000,1210500
MY_12,MY,Malaysia,12,Sabah,SB,5.250,117.000,3900000
MY_13,MY,Malaysia,13,Sarawak,SR,2.800,113.883,2810000
MY_14,MY,Malaysia,14,Kuala Lumpur,KL,3.14778,101.69528,
MY_15,MY,Malaysia,15,Labuan,LB,5.30000,115.22000,99500
MY_16,MY,Malaysia,16,Putrajaya,PT,2.93000,101.69000,91900
MZ,MZ,Mozambique,,,,-18.665695,35.529562,30366036
NA,NA,Namibia,,,,-22.957640,18.490410,2494530
NC,NC,New Caledonia,,,,-20.904305,165.618042,282750
NE,NE,Niger,,,,17.607789,8.081666,23310715
NF,NF,Norfolk Island,,,,-29.040835,167.954712,
NG,NG,Nigeria,,,,9.081999,8.675277,200963599
NI,NI,Nicaragua,,,,12.865416,-85.207229,6545502
NL,NL,Netherlands,,,,52.132633,5.291266,17097130
NO,NO,Norway,,,,60.472024,8.468946,5378857
NP,NP,Nepal,,,,28.394857,84.124008,28608710
NR,NR,Nauru,,,,-0.522778,166.931503,10756
NU,NU,Niue,,,,-19.054445,-169.867233,1615
NZ,NZ,New Zealand,,,,-40.900557,174.885971,4783063
OM,OM,Oman,,,,21.512583,55.923255,4974986
PA,PA,Panama,,,,8.537981,-80.782127,4246439
PE,PE,Peru,,,,-9.189967,-75.015152,32510453
PE_AMA,PE,Peru,AMA,Amazonas,,-6.22,-77.85,379384
PE_ANC,PE,Peru,ANC,Ancash,,-9.53,-77.53,1083519
PE_APU,PE,Peru,APU,Apurímac,,-14.16667,-72.75556,405759
PE_ARE,PE,Peru,ARE,Arequipa,,-15.86,-72.25,1382730
PE_AYA,PE,Peru,AYA,Ayacucho,,-13.16306,-74.22444,616176
PE_CAJ,PE,Peru,CAJ,Cajamarca,,-6.61,-78.78,1341012
PE_CAL,PE,Peru,CAL,Callao,,-12.033,-77.133,994494
PE_CUS,PE,Peru,CUS,Cuzco,,-13.26,-72.11,1205527
PE_HUC,PE,Peru,HUC,Huánuco,,-8.36306,-76.31556,730871
PE_HUV,PE,Peru,HUV,Huancavelica,,-13.02,-75.09,347639
PE_ICA,PE,Peru,ICA,Ica,,-14.07,-75.73,850765
PE_JUN,PE,Peru,JUN,Junín,,-11.48,-74.98,1246038
PE_LAL,PE,Peru,LAL,La Libertad,,-8.000,-78.500,1778080
PE_LAM,PE,Peru,LAM,Lambayeque,,-6.433,-79.867,1197260
PE_LIM,PE,Peru,LIM,Lima,,-12.043333,-77.028333,9485405
PE_LMA,PE,Peru,LMA,Lima Province,,-12.03500,-77.01861,8574974
PE_LOR,PE,Peru,LOR,Loreto,,-4.0,-74.32,883510
PE_MDD,PE,Peru,MDD,Madre de Dios,,-11.99,-70.59,141070
PE_MOQ,PE,Peru,MOQ,Moquegua,,-16.8,-70.8,174863
PE_PAS,PE,Peru,PAS,Pasco,,-10.5,-75.3,254065
PE_PIU,PE,Peru,PIU,Piura,,-4.99,-80.41,1856809
PE_PUN,PE,Peru,PUN,Puno,,-15.07,-70.12,1172697
PE_SAM,PE,Peru,SAM,San Martín,,-7.2,-76.8,813381
PE_TAC,PE,Peru,TAC,Tacna,,-17.6,-70.2,274496
PE_TUM,PE,Peru,TUM,Tumbes,,-3.88,-80.59,224863
PE_UCA,PE,Peru,UCA,Ucayali,,-9.96,-73.19,496459
PF,PF,French Polynesia,,,,-17.679742,-149.406843,279287
PG,PG,Papua New Guinea,,,,-6.314993,143.955550,8776109
PH,PH,Philippines,,,,12.879721,121.774017,108116615
PK,PK,Pakistan,,,,30.375321,69.345116,216565318
PK_BA,PK,Pakistan,BA,Balochistan,,27.7,65.7,12344408
PK_GB,PK,Pakistan,GB,Gilgit-Baltistan,,35.35,75.9,1249000
PK_IS,PK,Pakistan,IS,Islamabad,,33.7375,73.1475,2006572
PK_JK,PK,Pakistan,JK,Azad Kashmir,,33.84333,73.85139,4045000
PK_KP,PK,Pakistan,KP,Khyber Pakhtunkhwa,,34.0,71.32,35525047
PK_PB,PK,Pakistan,PB,Punjab,,31.0,72.0,110012442
PK_SD,PK,Pakistan,SD,Sindh,,26.350,68.850,47886051
PL,PL,Poland,,,,51.919438,19.145136,37887768
PM,PM,Saint Pierre and Miquelon,,,,46.941936,-56.271110,5822
PN,PN,Pitcairn Islands,,,,-24.703615,-127.439308,
PR,PR,Puerto Rico,,,,18.220833,-66.590149,2933408
PS,PS,Palestine,,,,31.952162,35.233154,4981420
PT,PT,Portugal,,,,39.399872,-8.224454,10226187
PT_11,PT,Portugal,11,Norte,,41.15000,-8.61000,3689173
PT_15,PT,Portugal,15,Algarve,,37.019371,-7.93223,451006
PT_16,PT,Portugal,16,Centro,,40.2056389,-8.4195499,2327026
PT_17,PT,Portugal,17,Lisbon Metropolitan Area,lvt,38.700,-9.183,2821876
PT_18,PT,Portugal,18,Alentejo,,38.5666695,-7.900000,758739
PT_20,PT,Portugal,20,Azores,açores,37.794594,-25.506134,246772
PT_30,PT,Portugal,30,Madeira,,32.6656799,-16.9254704,289000
PW,PW,Palau,,,,7.514980,134.582520,18008
PY,PY,Paraguay,,,,-23.442503,-58.443832,7044636
QA,QA,Qatar,,,,25.354826,51.183884,2832067
RE,RE,Réunion,,,,-21.115141,55.536384,888927
RO,RO,Romania,,,,45.943161,24.966760,19364557
RS,RS,Serbia,,,,44.016521,21.005859,8772235
RU,RU,Russia,,,,61.524010,105.318756,145872256
RU_AD,RU,Russia,AD,Adygea,,44.650,40.000,453376
RU_ALT,RU,Russia,ALT,Altai Krai,,52.767,82.617,2350080
RU_AMU,RU,Russia,AMU,Amur Oblast,,53.550,127.833,798424
RU_ARK,RU,Russia,ARK,Arkhangelsk Oblast,,63.500,43.000,1155028
RU_AST,RU,Russia,AST,Astrakhan Oblast,,47.233,47.233,1017514
RU_BA,RU,Russia,BA,Bashkortostan,,54.467,56.267,4063293
RU_BEL,RU,Russia,BEL,Belgorod Oblast,,50.767,37.450,1549876
RU_BRY,RU,Russia,BRY,Bryansk Oblast,,52.950,33.400,1210982
RU_BU,RU,Russia,BU,Buryatia,,53.800,109.333,984511
RU_CE,RU,Russia,CE,Chechnya,,43.400,45.717,1436981
RU_CHE,RU,Russia,CHE,Chelyabinsk Oblast,,54.533,60.333,3493036
RU_CU,RU,Russia,CU,Chuvashia,,55.550,47.100,1231117
RU_DA,RU,Russia,DA,Dagestan,,43.100,46.883,3063885
RU_IRK,RU,Russia,IRK,Irkutsk Oblast,,57.367,106.000,2404195
RU_IVA,RU,Russia,IVA,Ivanovo Oblast,,57.017,41.517,1014646
RU_KB,RU,Russia,KB,Kabardino-Balkaria,,43.583,43.400,865828
RU_KDA,RU,Russia,KDA,Krasnodar Krai,,45.367,39.433,5603420
RU_KEM,RU,Russia,KEM,Kemerovo Oblast,,54.933,87.233,2694877
RU_KGD,RU,Russia,KGD,Kaliningrad Oblast,,54.800,21.417,994599
RU_KGN,RU,Russia,KGN,Kurgan Oblast,,55.567,64.750,845537
RU_KHA,RU,Russia,KHA,Khabarovsk Krai,,54.800,136.833,1328302
RU_KHM,RU,Russia,KHM,Khanty-Mansi AO,,62.250,70.167,
RU_KIR,RU,Russia,KIR,Kirov Oblast,,58.767,49.833,1283238
RU_KK,RU,Russia,KK,Khakassia,,53.500,90.000,537513
RU_KL,RU,Russia,KL,Kalmykia,,46.567,45.317,275413
RU_KLU,RU,Russia,KLU,Kaluga Oblast,,54.433,35.433,1012156
RU_KO,RU,Russia,KO,Komi Republic,,64.283,54.467,840873
RU_KOS,RU,Russia,KOS,Kostroma Oblast,,58.550,43.683,643324
RU_KRS,RU,Russia,KRS,Kursk Oblast,,51.750,36.017,1115237
RU_KYA,RU,Russia,KYA,Krasnoyarsk Krai,,59.883,91.667,2876497
RU_LEN,RU,Russia,LEN,Leningrad Oblast,,60.050,31.750,1813816
RU_LIP,RU,Russia,LIP,Lipetsk Oblast,,52.700,39.150,1150201
RU_MAG,RU,Russia,MAG,Magadan Oblast,,62.900,153.700,144091
RU_ME,RU,Russia,ME,Mari El,,56.700,47.867,682333
RU_MO,RU,Russia,MO,Mordovia,,54.433,44.450,805056
RU_MOS,RU,Russia,MOS,Moscow Oblast,,55.700,36.967,7503385
RU_MOW,RU,Russia,MOW,Moscow,,55.75583,37.61722,12506468
RU_MUR,RU,Russia,MUR,Murmansk Oblast,,68.033,34.567,753557
RU_NGR,RU,Russia,NGR,Novgorod Oblast,,58.433,32.383,606476
RU_NIZ,RU,Russia,NIZ,Nizhny Novgorod Oblast,,56.483,44.533,3234752
RU_NVS,RU,Russia,NVS,Novosibirsk Oblast,,55.450,79.550,2788849
RU_OMS,RU,Russia,OMS,Omsk Oblast,,56.217,73.267,1960081
RU_ORE,RU,Russia,ORE,Orenburg Oblast,,52.133,55.600,1977720
RU_ORL,RU,Russia,ORL,Oryol Oblast,,52.850,36.433,747247
RU_PER,RU,Russia,PER,Perm Krai,,59.233,56.133,2623122
RU_PNZ,RU,Russia,PNZ,Penza Oblast,,53.250,44.567,1331655
RU_PRI,RU,Russia,PRI,Primorsky Krai,,45.333,134.667,1913037
RU_PSK,RU,Russia,PSK,Pskov Oblast,,57.317,29.250,636546
RU_ROS,RU,Russia,ROS,Rostov Oblast,,47.867,41.183,4220452
RU_RYA,RU,Russia,RYA,Ryazan Oblast,,54.400,40.600,1121474
RU_SA,RU,Russia,SA,Yakutia,,66.400,129.167,964330
RU_SAK,RU,Russia,SAK,Sakhalin Oblast,,50.550,142.600,490181
RU_SAM,RU,Russia,SAM,Samara Oblast,,53.450,50.450,3193514
RU_SAR,RU,Russia,SAR,Saratov Oblast,,51.783,46.733,2462950
RU_SE,RU,Russia,SE,North Ossetia-Alania,,43.183,44.233,701765
RU_SMO,RU,Russia,SMO,Smolensk Oblast,,55.000,33.000,949348
RU_SPE,RU,Russia,SPE,Saint Petersburg,,59.93750,30.30861,5351935
RU_STA,RU,Russia,STA,Stavropol Krai,,45.050,43.267,2800674
RU_SVE,RU,Russia,SVE,Sverdlovsk Oblast,,58.700,61.333,4325256
RU_TA,RU,Russia,TA,Tatarstan,,55.550,50.933,3894284
RU_TAM,RU,Russia,TAM,Tambov Oblast,,52.717,41.567,1033552
RU_TOM,RU,Russia,TOM,Tomsk Oblast,,58.750,82.133,1078280
RU_TUL,RU,Russia,TUL,Tula Oblast,,53.917,37.583,1491855
RU_TVE,RU,Russia,TVE,Tver Oblast,,57.150,34.617,1283873
RU_TYU,RU,Russia,TYU,Tyumen Oblast,,57.833,69.000,3692400
RU_UD,RU,Russia,UD,Udmurtia,,57.283,52.750,1513044
RU_ULY,RU,Russia,ULY,Ulyanovsk Oblast,,53.950,47.917,1246618
RU_VGG,RU,Russia,VGG,Volgograd Oblast,,49.733,44.117,2521276
RU_VLA,RU,Russia,VLA,Vladimir Oblast,,56.083,40.617,1378337
RU_VLG,RU,Russia,VLG,Vologda Oblast,,60.083,40.450,1176689
RU_VOR,RU,Russia,VOR,Voronezh Oblast,,51.050,40.150,2333768
RU_YAN,RU,Russia,YAN,Yamalo-Nenets Avtonomnyy Okrug,Yamalo-Nenets AO,67.250,74.667,522904
RU_YAR,RU,Russia,YAR,Yaroslavl Oblast,,57.867,39.200,1265684
RU_YEV,RU,Russia,YEV,Jewish Avtonomnyy Okrug,Jewish AO,48.600,132.200,176558
RU_ZAB,RU,Russia,ZAB,Zabaykalsky Krai,,54.000,118.000,1072806
RW,RW,Rwanda,,,,-1.940278,29.873888,12626950
SA,SA,Saudi Arabia,,,,23.885942,45.079162,34268528
SB,SB,Solomon Islands,,,,-9.645710,160.156194,669823
SC,SC,Seychelles,,,,-4.679574,55.491977,97739
SD,SD,Sudan,,,,12.862807,30.217636,42813238
SE,SE,Sweden,,,,60.128161,18.643501,10036379
SG,SG,Singapore,,,,1.352083,103.819836,5804337
SH,SH,Saint Helena,,,,-24.143474,-10.030696,6059
SI,SI,Slovenia,,,,46.151241,14.995463,2078654
SJ,SJ,Svalbard and Jan Mayen,,,,77.553604,23.670272,
SK,SK,Slovakia,,,,48.669026,19.699024,5457013
SL,SL,Sierra Leone,,,,8.460555,-11.779889,7813215
SM,SM,San Marino,,,,43.942360,12.457777,33860
SN,SN,Senegal,,,,14.497401,-14.452362,16296364
SO,SO,Somalia,,,,5.152149,46.199616,15442905
SR,SR,Suriname,,,,3.919305,-56.027783,581372
ST,ST,São Tomé and Príncipe,,,,0.186360,6.613081,215056
SV,SV,El Salvador,,,,13.794185,-88.896530,6453553
SY,SY,Syria,,,,34.802075,38.996815,17070135
SZ,SZ,Swaziland,,,,-26.522503,31.465866,1148130
TC,TC,Turks and Caicos Islands,,,,21.694025,-71.797928,38191
TD,TD,Chad,,,,15.454166,18.732207,15946876
TF,TF,French Southern Territories,,,,-49.280366,69.348557,
TG,TG,Togo,,,,8.619543,0.824782,8082366
TH,TH,Thailand,,,,15.870032,100.992541,69037513
TJ,TJ,Tajikistan,,,,38.861034,71.276093,9321018
TK,TK,Tokelau,,,,-8.967363,-171.855881,1340
TL,TL,East Timor,,,,-8.874217,125.727539,1293119
TM,TM,Turkmenistan,,,,38.969719,59.556278,5942089
TN,TN,Tunisia,,,,33.886917,9.537499,11694719
TO,TO,Tonga,,,,-21.178986,-175.198242,110940
TR,TR,Turkey,,,,38.963745,35.243322,83429615
TT,TT,Trinidad and Tobago,,,,10.691803,-61.222503,1394973
TV,TV,Tuvalu,,,,-7.109535,177.649330,11646
TW,TW,Taiwan,,,,23.697810,120.960515,23773876
TZ,TZ,Tanzania,,,,-6.369028,34.888822,58005463
UA,UA,Ukraine,,,,48.379433,31.165580,43993638
UA-40,RU,Russia,40,Sevastopol,,44.6,33.5333,
UA_43,RU,Russia,43,Republic of Crimea,,45.400,35.300,1913731
UG,UG,Uganda,,,,1.373333,32.290275,44269594
UM,UM,United States Minor Outlying Islands,,,,19.282300,-166.647000,
US,US,United States of America,,,,37.090240,-95.712891,329064917
US_AK,US,United States of America,AK,Alaska,,61.370700,-152.404400,710249
US_AL,US,United States of America,AL,Alabama,,32.318200,-86.902300,4903185
US_AR,US,United States of America,AR,Arkansas,,34.969700,-92.373100,3017804
US_AZ,US,United States of America,AZ,Arizona,,33.729800,-111.431200,7278717
US_CA,US,United States of America,CA,California,,36.116200,-119.681600,39512223
US_CO,US,United States of America,CO,Colorado,,39.059800,-105.311100,5758736
US_CT,US,United States of America,CT,Connecticut,,41.597800,-72.755400,3565287
US_DC,US,United States of America,DC,District of Columbia,,38.897400,-77.026800,705749
US_DE,US,United States of America,DE,Delaware,,39.318500,-75.507100,973764
US_FL,US,United States of America,FL,Florida,,27.766300,-81.686800,21477737
US_GA,US,United States of America,GA,Georgia,,33.040600,-83.643100,10617423
US_HI,US,United States of America,HI,Hawaii,,21.094300,-157.498300,1415872
US_IA,US,United States of America,IA,Iowa,,42.011500,-93.210500,3155070
US_ID,US,United States of America,ID,Idaho,,44.240500,-114.478800,1787065
US_IL,US,United States of America,IL,Illinois,,40.349500,-88.986100,12671821
US_IN,US,United States of America,IN,Indiana,,39.849400,-86.258300,6732219
US_KS,US,United States of America,KS,Kansas,,38.526600,-96.726500,2911505
US_KY,US,United States of America,KY,Kentucky,,37.668100,-84.670100,4468402
US_LA,US,United States of America,LA,Louisiana,,31.169500,-91.867800,4648794
US_MA,US,United States of America,MA,Massachusetts,,42.230200,-71.530100,6939373
US_MD,US,United States of America,MD,Maryland,,39.063900,-76.802100,6045680
US_ME,US,United States of America,ME,Maine,,44.693900,-69.381900,1338404
US_MI,US,United States of America,MI,Michigan,,43.326600,-84.536100,9883635
US_MN,US,United States of America,MN,Minnesota,,44.825400,-93.784200,5639632
US_MO,US,United States of America,MO,Missouri,,38.456100,-92.288400,6126452
US_MS,US,United States of America,MS,Mississippi,,32.741600,-89.678700,2976149
US_MT,US,United States of America,MT,Montana,,46.921900,-110.454400,1068778
US_NC,US,United States of America,NC,North Carolina,,35.630100,-79.806400,10488084
US_ND,US,United States of America,ND,North Dakota,,47.528900,-99.784000,762062
US_NE,US,United States of America,NE,Nebraska,,41.314800,-96.195100,1934408
US_NH,US,United States of America,NH,New Hampshire,,42.993100,-71.049800,1359711
US_NJ,US,United States of America,NJ,New Jersey,,40.298900,-74.521000,8882190
US_NM,US,United States of America,NM,New Mexico,,34.840500,-106.248500,2096829
US_NV,US,United States of America,NV,Nevada,,38.313500,-117.055400,3080156
US_NY,US,United States of America,NY,New York,,42.165700,-74.948100,19453561
US_OH,US,United States of America,OH,Ohio,,40.388800,-82.764900,11689100
US_OK,US,United States of America,OK,Oklahoma,,35.565300,-96.928900,3956971
US_OR,US,United States of America,OR,Oregon,,43.126100,-123.249200,4190713
US_PA,US,United States of America,PA,Pennsylvania,,40.590800,-77.209800,12801989
US_RI,US,United States of America,RI,Rhode Island,,41.888200,-71.477400,1057315
US_SC,US,United States of America,SC,South Carolina,,33.856900,-80.945000,5148714
US_SD,US,United States of America,SD,South Dakota,,43.890100,-102.254800,884659
US_TN,US,United States of America,TN,Tennessee,,35.747800,-86.692300,6833793
US_TX,US,United States of America,TX,Texas,,31.054500,-97.563500,28995881
US_UT,US,United States of America,UT,Utah,,40.150000,-111.862400,3205958
US_VA,US,United States of America,VA,Virginia,,37.769300,-78.170000,8535519
US_VT,US,United States of America,VT,Vermont,,44.045900,-72.710700,623989
US_WA,US,United States of America,WA,Washington,,47.400900,-121.490500,7614893
US_WI,US,United States of America,WI,Wisconsin,,43.018600,-89.549800,5822434
US_WV,US,United States of America,WV,West Virginia,,38.491200,-80.954500,1792147
US_WY,US,United States of America,WY,Wyoming,,42.756000,-107.302500,578759
UY,UY,Uruguay,,,,-32.522779,-55.765835,3461734
UZ,UZ,Uzbekistan,,,,41.377491,64.585262,32981716
VA,VA,Vatican City,,,,41.902916,12.453389,799
VC,VC,Saint Vincent and the Grenadines,,,,12.984305,-61.287228,110589
VE,VE,Venezuela,,,,6.423750,-66.589730,28515829
VE_A,VE,Venezuela,A,Capital District,,10.473056,-66.995556,2097400
VE_B,VE,Venezuela,B,Anzoátegui,,10.067,-64.717,1469747
VE_C,VE,Venezuela,C,Apure,,7.900,-67.467,459025
VE_D,VE,Venezuela,D,Aragua,,10.250,-67.600,1630308
VE_E,VE,Venezuela,E,Barinas,,8.633,-70.200,816264
VE_F,VE,Venezuela,F,Bolívar,,8.12194,-63.55000,1410964
VE_G,VE,Venezuela,G,Carabobo,,10.193,-67.980,2245744
VE_H,VE,Venezuela,H,Cojedes,,9.36,-68.32,323165
VE_I,VE,Venezuela,I,Falcón,,10.05,-60.8,902847
VE_J,VE,Venezuela,J,Guárico,,8.70,-66.61,747739
VE_K,VE,Venezuela,K,Lara,,10.07,-69.86,2019211
VE_L,VE,Venezuela,L,Mérida,,8.48,-71.19,828592
VE_M,VE,Venezuela,M,Miranda,,10.28,-66.33,3222374
VE_N,VE,Venezuela,N,Monagas,,9.43,-63.08,905443
VE_O,VE,Venezuela,O,Nueva Esparta,,10.95,-64.01,491610
VE_P,VE,Venezuela,P,Portuguesa,,9.11,-69.28,1012781
VE_R,VE,Venezuela,R,Sucre,,10.64556,-63.03889,896921
VE_S,VE,Venezuela,S,Táchira,,7.94,-72.12,1168908
VE_T,VE,Venezuela,T,Trujillo,,9.417,-70.500,686367
VE_U,VE,Venezuela,U,Yaracuy,,10.31,-68.71,600852
VE_V,VE,Venezuela,V,Zulia,,9.84,-72.25,5125579
VE_X,VE,Venezuela,X,Vargas,,10.572,-66.88,352920
VE_Y,VE,Venezuela,Y,Delta Amacuro,,10.050,-60.800,167676
VE_Z,VE,Venezuela,Z,Amazonas,,3.500,-66.000,146480
VG,VG,British Virgin Islands,,,,18.420695,-64.639968,30030
VI,VI,United States Virgin Islands,,,,18.335765,-64.896335,
VN,VN,Vietnam,,,,14.058324,108.277199,96462106
VU,VU,Vanuatu,,,,-15.376706,166.959158,299882
WF,WF,Wallis and Futuna,,,,-13.768752,-177.156097,11432
WS,WS,Samoa,,,,-13.759029,-172.104629,197097
XK,XK,Kosovo,,,,42.602636,20.902977,
YE,YE,Yemen,,,,15.552727,48.516388,29161922
YT,YT,Mayotte,,,,-12.827500,45.166244,266150
ZA,ZA,South Africa,,,,-30.559482,22.937506,58558270
ZM,ZM,Zambia,,,,-13.133897,27.849332,17861030
ZW,ZW,Zimbabwe,,,,-19.015438,29.154857,14645468
